demo_samples,ERR5656218
demo_samples,ERR5552855
demo_samples,ERR5553406
demo_samples,ERR5937797
demo_samples,ERR5553665
demo_samples,ERR5553685
demo_samples,ERR5553689
demo_samples,ERR5653377
demo_samples,ERR5553716
demo_samples,ERR5557522
demo_samples,ERR5557594
demo_samples,ERR5557604
demo_samples,ERR5557650
demo_samples,ERR5941266
demo_samples,ERR5558980
demo_samples,ERR5559050
demo_samples,ERR5559094
demo_samples,ERR5559194
demo_samples,ERR5559227
demo_samples,ERR5622633
demo_samples,ERR5622696
demo_samples,ERR5622872
demo_samples,ERR5622873
demo_samples,ERR5622944
demo_samples,ERR5623000
demo_samples,ERR5623008
demo_samples,ERR5623413
demo_samples,ERR5623957
demo_samples,ERR5637656
demo_samples,ERR5637677
demo_samples,ERR5637704
demo_samples,ERR5637715
demo_samples,ERR5637746
demo_samples,ERR5637768
demo_samples,ERR5637815
demo_samples,ERR5637850
demo_samples,ERR5647564
demo_samples,ERR5647624
demo_samples,ERR5649296
demo_samples,ERR5649323
demo_samples,ERR5650261
demo_samples,ERR5650285
demo_samples,ERR5650470
demo_samples,ERR5650493
demo_samples,ERR5650840
demo_samples,ERR5651006
demo_samples,ERR5651044
demo_samples,ERR5651210
demo_samples,ERR5651255
demo_samples,ERR5651556
