SARS-CoV-2_reference_ox,mmm-artic-ill-s24350-1
SARS-CoV-2_reference_ox,mmm-artic-ill-s24350-2
SARS-CoV-2_reference_ox,mmm-artic-ill-s24350-3
SARS-CoV-2_reference_ox,mmm-artic-ont-s24350-1
SARS-CoV-2_reference_ox,mmm-artic-ont-s24350-2
SARS-CoV-2_reference_ox,mmm-artic-ont-s24350-3
SARS-CoV-2_reference_ox,mmm-sispa-ill-s24350-1
SARS-CoV-2_reference_ox,mmm-sispa-ill-s24350-2
SARS-CoV-2_reference_ox,mmm-sispa-ill-s24350-3
SARS-CoV-2_reference_ox,mmm-sispa-ont-s24350-1
SARS-CoV-2_reference_ox,mmm-sispa-ont-s24350-2
SARS-CoV-2_reference_ox,mmm-sispa-ont-s24350-3
SARS-CoV-2_reference_ox,mmm-artic-ill-s59130-1
SARS-CoV-2_reference_ox,mmm-artic-ill-s59130-2
SARS-CoV-2_reference_ox,mmm-artic-ill-s59130-3
SARS-CoV-2_reference_ox,mmm-artic-ont-s59130-1
SARS-CoV-2_reference_ox,mmm-artic-ont-s59130-2
SARS-CoV-2_reference_ox,mmm-artic-ont-s59130-3
SARS-CoV-2_reference_ox,mmm-sispa-ill-s59130-1
SARS-CoV-2_reference_ox,mmm-sispa-ill-s59130-2
SARS-CoV-2_reference_ox,mmm-sispa-ill-s59130-3
SARS-CoV-2_reference_ox,mmm-sispa-ont-s59130-1
SARS-CoV-2_reference_ox,mmm-sispa-ont-s59130-2
SARS-CoV-2_reference_ox,mmm-sispa-ont-s59130-3
SARS-CoV-2_reference_ox,mmm-artic-ill-s98244-1
SARS-CoV-2_reference_ox,mmm-artic-ill-s98244-2
SARS-CoV-2_reference_ox,mmm-artic-ill-s98244-3
SARS-CoV-2_reference_ox,mmm-artic-ont-s98244-1
SARS-CoV-2_reference_ox,mmm-artic-ont-s98244-2
SARS-CoV-2_reference_ox,mmm-artic-ont-s98244-3
SARS-CoV-2_reference_ox,mmm-sispa-ill-s98244-1
SARS-CoV-2_reference_ox,mmm-sispa-ill-s98244-2
SARS-CoV-2_reference_ox,mmm-sispa-ill-s98244-3
SARS-CoV-2_reference_ox,mmm-sispa-ont-s98244-1
SARS-CoV-2_reference_ox,mmm-sispa-ont-s98244-2
SARS-CoV-2_reference_ox,mmm-sispa-ont-s98244-3
SARS-CoV-2_reference_ox,mmm-artic-ill-s64379-1
SARS-CoV-2_reference_ox,mmm-artic-ill-s64379-2
SARS-CoV-2_reference_ox,mmm-artic-ill-s64379-3
SARS-CoV-2_reference_ox,mmm-artic-ont-s64379-1
SARS-CoV-2_reference_ox,mmm-artic-ont-s64379-2
SARS-CoV-2_reference_ox,mmm-artic-ont-s64379-3
SARS-CoV-2_reference_ox,mmm-sispa-ill-s64379-1
SARS-CoV-2_reference_ox,mmm-sispa-ill-s64379-2
SARS-CoV-2_reference_ox,mmm-sispa-ill-s64379-3
SARS-CoV-2_reference_ox,mmm-sispa-ont-s64379-1
SARS-CoV-2_reference_ox,mmm-sispa-ont-s64379-2
SARS-CoV-2_reference_ox,mmm-sispa-ont-s64379-3
SARS-CoV-2_reference_ox,mmm-artic-ill-s12368-1
SARS-CoV-2_reference_ox,mmm-artic-ill-s12368-2
SARS-CoV-2_reference_ox,mmm-artic-ont-s12368-1
SARS-CoV-2_reference_ox,mmm-artic-ont-s12368-2
SARS-CoV-2_reference_ox,mmm-artic-ont-s12368-3
SARS-CoV-2_reference_ox,mmm-sispa-ill-s12368-1
SARS-CoV-2_reference_ox,mmm-sispa-ill-s12368-2
SARS-CoV-2_reference_ox,mmm-sispa-ill-s12368-3
SARS-CoV-2_reference_ox,mmm-sispa-ont-s12368-1
SARS-CoV-2_reference_ox,mmm-sispa-ont-s12368-2
SARS-CoV-2_reference_ox,mmm-sispa-ont-s12368-3
SARS-CoV-2_reference_ox,mmm-artic-ill-s11937-1
SARS-CoV-2_reference_ox,mmm-artic-ill-s11937-2
SARS-CoV-2_reference_ox,mmm-artic-ill-s11937-3
SARS-CoV-2_reference_ox,mmm-artic-ont-s11937-1
SARS-CoV-2_reference_ox,mmm-artic-ill-s32219-1
SARS-CoV-2_reference_ox,mmm-artic-ill-s32219-2
SARS-CoV-2_reference_ox,mmm-artic-ont-s32219-1
SARS-CoV-2_reference_ox,mmm-artic-ont-s32219-2
SARS-CoV-2_reference_ox,mmm-sispa-ont-s32219-1
SARS-CoV-2_reference_ox,mmm-sispa-ont-s32219-2
SARS-CoV-2_reference_ox,phe-sispa-ill-s32219-1
SARS-CoV-2_reference_ox,mmm-artic-ill-s79306-1
SARS-CoV-2_reference_ox,mmm-artic-ill-s79306-2
SARS-CoV-2_reference_ox,mmm-artic-ont-s79306-1
SARS-CoV-2_reference_ox,mmm-artic-ont-s79306-2
SARS-CoV-2_reference_ox,mmm-artic-ill-s12142-1
SARS-CoV-2_reference_ox,mmm-artic-ill-s12142-2
SARS-CoV-2_reference_ox,mmm-artic-ont-s12142-1
SARS-CoV-2_reference_ox,mmm-artic-ont-s12142-2
SARS-CoV-2_reference_ox,mmm-artic-ill-s82718-1
SARS-CoV-2_reference_ox,mmm-artic-ill-s82718-2
SARS-CoV-2_reference_ox,mmm-artic-ont-s82718-1
SARS-CoV-2_reference_ox,mmm-artic-ont-s82718-2
SARS-CoV-2_reference_ox,phe-sispa-ill-s82718-1
SARS-CoV-2_reference_ox,phe-sispa-ont-s82718-1
SARS-CoV-2_reference_ox,mmm-artic-ill-s14305-1
SARS-CoV-2_reference_ox,mmm-artic-ill-s14305-2
SARS-CoV-2_reference_ox,mmm-artic-ill-s14305-3
SARS-CoV-2_reference_ox,mmm-artic-ont-s14305-1
SARS-CoV-2_reference_ox,mmm-artic-ill-s99011-1
SARS-CoV-2_reference_ox,mmm-artic-ont-s99011-1
SARS-CoV-2_reference_ox,mmm-artic-ill-s12466-1
SARS-CoV-2_reference_ox,mmm-artic-ont-s12466-1
SARS-CoV-2_reference_ox,mmm-artic-ill-s10370-1
SARS-CoV-2_reference_ox,mmm-artic-ont-s10370-1
SARS-CoV-2_reference_ox,mmm-artic-ill-s29903-1
SARS-CoV-2_reference_ox,mmm-artic-ont-s29903-1
SARS-CoV-2_reference_ox,mmm-artic-ill-s60021-1
SARS-CoV-2_reference_ox,mmm-artic-ont-s60021-1
SARS-CoV-2_reference_ox,mmm-artic-ill-s10497-1
SARS-CoV-2_reference_ox,mmm-artic-ont-s10497-1
SARS-CoV-2_reference_ox,mmm-artic-ill-s63857-1
SARS-CoV-2_reference_ox,mmm-artic-ont-s63857-1
SARS-CoV-2_reference_ox,mmm-artic-ill-s92227-1
SARS-CoV-2_reference_ox,mmm-artic-ont-s92227-1
SARS-CoV-2_reference_ox,mmm-artic-ill-s14270-1
SARS-CoV-2_reference_ox,mmm-artic-ont-s14270-1
SARS-CoV-2_reference_ox,mmm-artic-ill-s27509-1
SARS-CoV-2_reference_ox,mmm-artic-ont-s27509-1
SARS-CoV-2_reference_ox,mmm-artic-ill-s44846-1
SARS-CoV-2_reference_ox,mmm-artic-ont-s44846-1
SARS-CoV-2_reference_ox,mmm-artic-ill-s67251-1
SARS-CoV-2_reference_ox,mmm-artic-ont-s67251-1
SARS-CoV-2_reference_ox,mmm-artic-ill-s48306-1
SARS-CoV-2_reference_ox,mmm-artic-ill-s48306-2
SARS-CoV-2_reference_ox,mmm-artic-ont-s48306-1
SARS-CoV-2_reference_ox,mmm-artic-ont-s48306-2
SARS-CoV-2_reference_ox,mmm-artic-ont-s48306-3
SARS-CoV-2_reference_ox,mmm-artic-ont-s48306-4
SARS-CoV-2_reference_ox,mmm-sispa-ill-s48306-1
SARS-CoV-2_reference_ox,mmm-sispa-ill-s48306-2
SARS-CoV-2_reference_ox,mmm-sispa-ont-s48306-1
SARS-CoV-2_reference_ox,mmm-sispa-ont-s48306-2
SARS-CoV-2_reference_ox,mmm-artic-ill-s52123-1
SARS-CoV-2_reference_ox,mmm-artic-ill-s52123-2
SARS-CoV-2_reference_ox,mmm-artic-ont-s52123-1
SARS-CoV-2_reference_ox,mmm-artic-ont-s52123-2
SARS-CoV-2_reference_ox,mmm-artic-ont-s52123-3
SARS-CoV-2_reference_ox,mmm-artic-ont-s52123-4
SARS-CoV-2_reference_ox,mmm-sispa-ill-s52123-1
SARS-CoV-2_reference_ox,mmm-sispa-ill-s52123-2
SARS-CoV-2_reference_ox,mmm-sispa-ont-s52123-1
SARS-CoV-2_reference_ox,mmm-sispa-ont-s52123-2
SARS-CoV-2_reference_ox,mmm-artic-ill-s12152-1
SARS-CoV-2_reference_ox,mmm-artic-ill-s12152-2
SARS-CoV-2_reference_ox,mmm-artic-ont-s12152-1
SARS-CoV-2_reference_ox,mmm-artic-ont-s12152-2
SARS-CoV-2_reference_ox,mmm-artic-ont-s12152-3
SARS-CoV-2_reference_ox,mmm-artic-ont-s12152-4
SARS-CoV-2_reference_ox,mmm-sispa-ill-s12152-1
SARS-CoV-2_reference_ox,mmm-sispa-ill-s12152-2
SARS-CoV-2_reference_ox,mmm-sispa-ont-s12152-1
SARS-CoV-2_reference_ox,mmm-sispa-ont-s12152-2
SARS-CoV-2_reference_ox,mmm-artic-ill-s76383-1
SARS-CoV-2_reference_ox,mmm-artic-ill-s76383-2
SARS-CoV-2_reference_ox,mmm-artic-ont-s76383-1
SARS-CoV-2_reference_ox,mmm-artic-ont-s76383-2
SARS-CoV-2_reference_ox,mmm-artic-ont-s76383-3
SARS-CoV-2_reference_ox,mmm-sispa-ill-s76383-1
SARS-CoV-2_reference_ox,mmm-sispa-ill-s76383-2
SARS-CoV-2_reference_ox,mmm-sispa-ont-s76383-1
SARS-CoV-2_reference_ox,mmm-sispa-ont-s76383-2
SARS-CoV-2_reference_ox,mmm-artic-ill-s11116-1
SARS-CoV-2_reference_ox,mmm-artic-ont-s11116-1
SARS-CoV-2_reference_ox,mmm-artic-ill-s26992-1
SARS-CoV-2_reference_ox,mmm-artic-ont-s26992-1
SARS-CoV-2_reference_ox,mmm-artic-ill-s28127-1
SARS-CoV-2_reference_ox,mmm-artic-ill-s28127-2
SARS-CoV-2_reference_ox,mmm-artic-ill-s28127-3
SARS-CoV-2_reference_ox,mmm-artic-ont-s28127-1
SARS-CoV-2_reference_ox,mmm-artic-ill-s11621-1
SARS-CoV-2_reference_ox,mmm-artic-ont-s11621-1
SARS-CoV-2_reference_ox,mmm-artic-ill-s17576-1
SARS-CoV-2_reference_ox,mmm-artic-ont-s17576-1
SARS-CoV-2_reference_ox,mmm-artic-ill-s12220-1
SARS-CoV-2_reference_ox,mmm-artic-ill-s12220-2
SARS-CoV-2_reference_ox,mmm-artic-ont-s12220-1
SARS-CoV-2_reference_ox,mmm-artic-ont-s12220-2
SARS-CoV-2_reference_ox,mmm-artic-ont-s12220-3
SARS-CoV-2_reference_ox,mmm-artic-ont-s12220-4
SARS-CoV-2_reference_ox,mmm-sispa-ill-s12220-1
SARS-CoV-2_reference_ox,mmm-sispa-ill-s12220-2
SARS-CoV-2_reference_ox,mmm-sispa-ont-s12220-1
SARS-CoV-2_reference_ox,mmm-sispa-ont-s12220-2
SARS-CoV-2_reference_ox,mmm-artic-ill-s97487-1
SARS-CoV-2_reference_ox,mmm-artic-ont-s97487-1
SARS-CoV-2_reference_ox,mmm-artic-ill-s11447-1
SARS-CoV-2_reference_ox,mmm-artic-ont-s11447-1
SARS-CoV-2_reference_ox,mmm-artic-ill-s81454-1
SARS-CoV-2_reference_ox,mmm-artic-ill-s81454-2
SARS-CoV-2_reference_ox,mmm-artic-ont-s81454-1
SARS-CoV-2_reference_ox,mmm-artic-ont-s81454-2
SARS-CoV-2_reference_ox,mmm-artic-ont-s81454-3
SARS-CoV-2_reference_ox,mmm-artic-ont-s81454-4
SARS-CoV-2_reference_ox,mmm-sispa-ill-s81454-1
SARS-CoV-2_reference_ox,mmm-sispa-ill-s81454-2
SARS-CoV-2_reference_ox,mmm-sispa-ont-s81454-1
SARS-CoV-2_reference_ox,mmm-sispa-ont-s81454-2
SARS-CoV-2_reference_ox,mmm-artic-ill-s82203-1
SARS-CoV-2_reference_ox,mmm-artic-ill-s82203-2
SARS-CoV-2_reference_ox,mmm-artic-ont-s82203-1
SARS-CoV-2_reference_ox,mmm-artic-ont-s82203-2
SARS-CoV-2_reference_ox,mmm-artic-ont-s82203-3
SARS-CoV-2_reference_ox,mmm-artic-ont-s82203-4
SARS-CoV-2_reference_ox,mmm-sispa-ill-s82203-1
SARS-CoV-2_reference_ox,mmm-sispa-ill-s82203-2
SARS-CoV-2_reference_ox,mmm-sispa-ont-s82203-1
SARS-CoV-2_reference_ox,mmm-sispa-ont-s82203-2
SARS-CoV-2_reference_ox,mmm-artic-ill-s62394-1
SARS-CoV-2_reference_ox,mmm-artic-ill-s62394-2
SARS-CoV-2_reference_ox,mmm-artic-ont-s62394-1
SARS-CoV-2_reference_ox,mmm-artic-ont-s62394-2
SARS-CoV-2_reference_ox,mmm-artic-ont-s62394-3
SARS-CoV-2_reference_ox,mmm-artic-ont-s62394-4
SARS-CoV-2_reference_ox,mmm-sispa-ill-s62394-1
SARS-CoV-2_reference_ox,mmm-sispa-ill-s62394-2
SARS-CoV-2_reference_ox,mmm-sispa-ont-s62394-1
SARS-CoV-2_reference_ox,mmm-sispa-ont-s62394-2
SARS-CoV-2_reference_ox,mmm-artic-ill-s71898-1
SARS-CoV-2_reference_ox,mmm-artic-ill-s71898-2
SARS-CoV-2_reference_ox,mmm-artic-ont-s71898-1
SARS-CoV-2_reference_ox,mmm-artic-ont-s71898-2
SARS-CoV-2_reference_ox,mmm-artic-ont-s71898-3
SARS-CoV-2_reference_ox,mmm-artic-ont-s71898-4
SARS-CoV-2_reference_ox,mmm-sispa-ill-s71898-1
SARS-CoV-2_reference_ox,mmm-sispa-ill-s71898-2
SARS-CoV-2_reference_ox,mmm-sispa-ont-s71898-1
SARS-CoV-2_reference_ox,mmm-sispa-ont-s71898-2
SARS-CoV-2_reference_ox,mmm-artic-ill-s96685-1
SARS-CoV-2_reference_ox,mmm-artic-ill-s96685-2
SARS-CoV-2_reference_ox,mmm-artic-ont-s96685-1
SARS-CoV-2_reference_ox,mmm-artic-ont-s96685-2
SARS-CoV-2_reference_ox,mmm-artic-ont-s96685-3
SARS-CoV-2_reference_ox,mmm-artic-ont-s96685-4
SARS-CoV-2_reference_ox,mmm-sispa-ill-s96685-1
SARS-CoV-2_reference_ox,mmm-sispa-ill-s96685-2
SARS-CoV-2_reference_ox,mmm-sispa-ont-s96685-1
SARS-CoV-2_reference_ox,mmm-sispa-ont-s96685-2
SARS-CoV-2_reference_ox,mmm-artic-ill-s56299-1
SARS-CoV-2_reference_ox,mmm-artic-ill-s56299-2
SARS-CoV-2_reference_ox,mmm-artic-ont-s56299-1
SARS-CoV-2_reference_ox,mmm-artic-ont-s56299-2
SARS-CoV-2_reference_ox,mmm-artic-ont-s56299-3
SARS-CoV-2_reference_ox,mmm-artic-ont-s56299-4
SARS-CoV-2_reference_ox,mmm-sispa-ill-s56299-1
SARS-CoV-2_reference_ox,mmm-sispa-ill-s56299-2
SARS-CoV-2_reference_ox,mmm-sispa-ont-s56299-1
SARS-CoV-2_reference_ox,mmm-sispa-ont-s56299-2
SARS-CoV-2_reference_ox,mmm-artic-ill-s16621-1
SARS-CoV-2_reference_ox,mmm-artic-ill-s16621-2
SARS-CoV-2_reference_ox,mmm-artic-ont-s16621-1
SARS-CoV-2_reference_ox,mmm-artic-ont-s16621-2
SARS-CoV-2_reference_ox,mmm-artic-ont-s16621-3
SARS-CoV-2_reference_ox,mmm-artic-ont-s16621-4
SARS-CoV-2_reference_ox,mmm-sispa-ill-s16621-1
SARS-CoV-2_reference_ox,mmm-sispa-ill-s16621-2
SARS-CoV-2_reference_ox,mmm-sispa-ont-s16621-1
SARS-CoV-2_reference_ox,mmm-sispa-ont-s16621-2
SARS-CoV-2_reference_ox,mmm-artic-ill-s13528-1
SARS-CoV-2_reference_ox,mmm-artic-ill-s13528-2
SARS-CoV-2_reference_ox,mmm-artic-ill-s13528-3
SARS-CoV-2_reference_ox,mmm-artic-ont-s13528-1
SARS-CoV-2_reference_ox,mmm-artic-ill-s11511-1
SARS-CoV-2_reference_ox,mmm-artic-ill-s11511-2
SARS-CoV-2_reference_ox,mmm-artic-ont-s11511-1
SARS-CoV-2_reference_ox,mmm-artic-ont-s11511-2
SARS-CoV-2_reference_ox,mmm-artic-ont-s11511-3
SARS-CoV-2_reference_ox,mmm-artic-ont-s11511-4
SARS-CoV-2_reference_ox,mmm-sispa-ill-s11511-1
SARS-CoV-2_reference_ox,mmm-sispa-ill-s11511-2
SARS-CoV-2_reference_ox,mmm-sispa-ont-s11511-1
SARS-CoV-2_reference_ox,mmm-sispa-ont-s11511-2
SARS-CoV-2_reference_ox,mmm-artic-ill-s78022-1
SARS-CoV-2_reference_ox,mmm-artic-ont-s78022-1
SARS-CoV-2_reference_ox,mmm-artic-ill-s23460-1
SARS-CoV-2_reference_ox,mmm-artic-ont-s23460-1
SARS-CoV-2_reference_ox,mmm-artic-ill-s13935-1
SARS-CoV-2_reference_ox,mmm-artic-ont-s13935-1
SARS-CoV-2_reference_ox,mmm-artic-ill-s53667-1
SARS-CoV-2_reference_ox,mmm-artic-ill-s53667-2
SARS-CoV-2_reference_ox,mmm-artic-ont-s53667-1
SARS-CoV-2_reference_ox,mmm-artic-ont-s53667-2
SARS-CoV-2_reference_ox,mmm-artic-ont-s53667-3
SARS-CoV-2_reference_ox,mmm-artic-ont-s53667-4
SARS-CoV-2_reference_ox,mmm-sispa-ill-s53667-1
SARS-CoV-2_reference_ox,mmm-sispa-ill-s53667-2
SARS-CoV-2_reference_ox,mmm-sispa-ont-s53667-1
SARS-CoV-2_reference_ox,mmm-sispa-ont-s53667-2
SARS-CoV-2_reference_ox,mmm-artic-ill-s68576-1
SARS-CoV-2_reference_ox,mmm-artic-ont-s68576-1
SARS-CoV-2_reference_ox,mmm-artic-ill-s18748-1
SARS-CoV-2_reference_ox,mmm-artic-ont-s18748-1
SARS-CoV-2_reference_ox,mmm-artic-ill-s52247-1
SARS-CoV-2_reference_ox,mmm-artic-ill-s52247-2
SARS-CoV-2_reference_ox,mmm-artic-ont-s52247-1
SARS-CoV-2_reference_ox,mmm-artic-ont-s52247-2
SARS-CoV-2_reference_ox,mmm-artic-ont-s52247-3
SARS-CoV-2_reference_ox,mmm-artic-ont-s52247-4
SARS-CoV-2_reference_ox,mmm-sispa-ill-s52247-1
SARS-CoV-2_reference_ox,mmm-sispa-ill-s52247-2
SARS-CoV-2_reference_ox,mmm-sispa-ont-s52247-1
SARS-CoV-2_reference_ox,mmm-sispa-ont-s52247-2
SARS-CoV-2_reference_ox,mmm-artic-ill-s13464-1
SARS-CoV-2_reference_ox,mmm-artic-ont-s13464-1
SARS-CoV-2_reference_ox,mmm-artic-ill-s35910-1
SARS-CoV-2_reference_ox,mmm-artic-ill-s35910-2
SARS-CoV-2_reference_ox,mmm-artic-ill-s35910-3
SARS-CoV-2_reference_ox,mmm-artic-ont-s35910-1
SARS-CoV-2_reference_ox,mmm-sispa-ill-s35910-1
SARS-CoV-2_reference_ox,mmm-sispa-ill-s35910-2
SARS-CoV-2_reference_ox,mmm-sispa-ill-s35910-3
SARS-CoV-2_reference_ox,mmm-sispa-ont-s35910-1
SARS-CoV-2_reference_ox,mmm-sispa-ont-s35910-2
SARS-CoV-2_reference_ox,mmm-sispa-ont-s35910-3
SARS-CoV-2_reference_ox,mmm-artic-ill-s58058-1
SARS-CoV-2_reference_ox,mmm-artic-ont-s58058-1
SARS-CoV-2_reference_ox,mmm-artic-ill-s14131-1
SARS-CoV-2_reference_ox,mmm-artic-ont-s14131-1
SARS-CoV-2_reference_ox,mmm-artic-ill-s32685-1
SARS-CoV-2_reference_ox,mmm-artic-ont-s32685-1
